film_title,tmdb_id,person_name,character_name,billing_order
Iron Man,1726,Robert Downey Jr.,Tony Stark,0
Iron Man,1726,Terrence Howard,Rhodey,1
Iron Man,1726,Jeff Bridges,Obadiah Stane,2
Iron Man,1726,Gwyneth Paltrow,Pepper Potts,3
Iron Man,1726,Leslie Bibb,Christine Everhart,4
Iron Man,1726,Shaun Toub,Yinsen,5
Iron Man,1726,Faran Tahir,Raza,6
Iron Man,1726,Clark Gregg,Agent Coulson,7
Iron Man,1726,Bill Smitrovich,General Gabriel,8
Iron Man,1726,Sayed Badreya,Abu Bakaar,9
The Incredible Hulk,1724,Edward Norton,Bruce Banner,0
The Incredible Hulk,1724,Liv Tyler,Betty Ross,1
The Incredible Hulk,1724,Tim Roth,Emil Blonsky,2
The Incredible Hulk,1724,William Hurt,General 'Thunderbolt' Ross,3
The Incredible Hulk,1724,Tim Blake Nelson,Samuel Sterns,4
The Incredible Hulk,1724,Ty Burrell,Leonard,5
The Incredible Hulk,1724,Christina Cabot,Major Kathleen Sparr,6
The Incredible Hulk,1724,Peter Mensah,General Joe Greller,7
The Incredible Hulk,1724,Lou Ferrigno,Voice of The Incredible Hulk / Security Guard,8
The Incredible Hulk,1724,Paul Soles,Stanley,9
Iron Man 2,10138,Robert Downey Jr.,Tony Stark,0
Iron Man 2,10138,Gwyneth Paltrow,Pepper Potts,1
Iron Man 2,10138,Don Cheadle,Lt. Col. James 'Rhodey' Rhodes,2
Iron Man 2,10138,Scarlett Johansson,Natalie Rushman / Natasha Romanoff,3
Iron Man 2,10138,Sam Rockwell,Justin Hammer,4
Iron Man 2,10138,Mickey Rourke,Ivan Vanko,5
Iron Man 2,10138,Samuel L. Jackson,Nick Fury,6
Iron Man 2,10138,Clark Gregg,Agent Coulson,7
Iron Man 2,10138,John Slattery,Howard Stark,8
Iron Man 2,10138,Garry Shandling,Senator Stern,9
Thor,10195,Chris Hemsworth,Thor,0
Thor,10195,Natalie Portman,Jane Foster,1
Thor,10195,Tom Hiddleston,Loki,2
Thor,10195,Anthony Hopkins,Odin,3
Thor,10195,Stellan Skarsgård,Erik Selvig,4
Thor,10195,Kat Dennings,Darcy Lewis,5
Thor,10195,Clark Gregg,Agent Coulson,6
Thor,10195,Colm Feore,King Laufey,7
Thor,10195,Idris Elba,Heimdall,8
Thor,10195,Ray Stevenson,Volstagg,9
Captain America: The First Avenger,1771,Chris Evans,Captain America / Steve Rogers,0
Captain America: The First Avenger,1771,Hayley Atwell,Peggy Carter,1
Captain America: The First Avenger,1771,Sebastian Stan,James Buchanan 'Bucky' Barnes,2
Captain America: The First Avenger,1771,Tommy Lee Jones,Colonel Chester Phillips,3
Captain America: The First Avenger,1771,Hugo Weaving,Johann Schmidt / Red Skull,4
Captain America: The First Avenger,1771,Dominic Cooper,Howard Stark,5
Captain America: The First Avenger,1771,Richard Armitage,Heinz Kruger,6
Captain America: The First Avenger,1771,Stanley Tucci,Dr. Abraham Erskine,7
Captain America: The First Avenger,1771,Samuel L. Jackson,Nick Fury,8
Captain America: The First Avenger,1771,Toby Jones,Dr. Arnim Zola,9
The Avengers,24428,Robert Downey Jr.,Tony Stark / Iron Man,0
The Avengers,24428,Chris Evans,Steve Rogers / Captain America,1
The Avengers,24428,Mark Ruffalo,Bruce Banner / The Hulk,2
The Avengers,24428,Chris Hemsworth,Thor,3
The Avengers,24428,Scarlett Johansson,Natasha Romanoff / Black Widow,4
The Avengers,24428,Jeremy Renner,Clint Barton / Hawkeye,5
The Avengers,24428,Tom Hiddleston,Loki,6
The Avengers,24428,Clark Gregg,Agent Phil Coulson,7
The Avengers,24428,Cobie Smulders,Agent Maria Hill,8
The Avengers,24428,Stellan Skarsgård,Selvig,9
Iron Man 3,68721,Robert Downey Jr.,Tony Stark,0
Iron Man 3,68721,Gwyneth Paltrow,Pepper Potts,1
Iron Man 3,68721,Don Cheadle,Colonel James Rhodes,2
Iron Man 3,68721,Guy Pearce,Aldrich Killian,3
Iron Man 3,68721,Rebecca Hall,Maya Hansen,4
Iron Man 3,68721,Jon Favreau,Happy Hogan,5
Iron Man 3,68721,Ben Kingsley,Trevor Slattery,6
Iron Man 3,68721,James Badge Dale,Savin,7
Iron Man 3,68721,Stephanie Szostak,Brandt,8
Iron Man 3,68721,Paul Bettany,Jarvis (voice),9
Thor: The Dark World,76338,Chris Hemsworth,Thor,0
Thor: The Dark World,76338,Natalie Portman,Jane Foster,1
Thor: The Dark World,76338,Tom Hiddleston,Loki,2
Thor: The Dark World,76338,Christopher Eccleston,Malekith,3
Thor: The Dark World,76338,Anthony Hopkins,Odin,4
Thor: The Dark World,76338,Jaimie Alexander,Sif,5
Thor: The Dark World,76338,Zachary Levi,Fandral,6
Thor: The Dark World,76338,Ray Stevenson,Volstagg,7
Thor: The Dark World,76338,Tadanobu Asano,Hogun,8
Thor: The Dark World,76338,Idris Elba,Heimdall,9
Captain America: The Winter Soldier,100402,Chris Evans,Steve Rogers / Captain America,0
Captain America: The Winter Soldier,100402,Samuel L. Jackson,Nick Fury,1
Captain America: The Winter Soldier,100402,Scarlett Johansson,Natasha Romanoff / Black Widow,2
Captain America: The Winter Soldier,100402,Robert Redford,Alexander Pierce,3
Captain America: The Winter Soldier,100402,Sebastian Stan,Bucky Barnes / Winter Soldier,4
Captain America: The Winter Soldier,100402,Anthony Mackie,Sam Wilson / Falcon,5
Captain America: The Winter Soldier,100402,Cobie Smulders,Maria Hill,6
Captain America: The Winter Soldier,100402,Frank Grillo,Brock Rumlow,7
Captain America: The Winter Soldier,100402,Maximiliano Hernández,Jasper Sitwell,8
Captain America: The Winter Soldier,100402,Emily VanCamp,Kate / Agent 13,9
Guardians of the Galaxy,118340,Chris Pratt,Peter Quill,0
Guardians of the Galaxy,118340,Zoe Saldaña,Gamora,1
Guardians of the Galaxy,118340,Dave Bautista,Drax,2
Guardians of the Galaxy,118340,Vin Diesel,Groot (voice),3
Guardians of the Galaxy,118340,Bradley Cooper,Rocket (voice),4
Guardians of the Galaxy,118340,Lee Pace,Ronan,5
Guardians of the Galaxy,118340,Michael Rooker,Yondu Udonta,6
Guardians of the Galaxy,118340,Karen Gillan,Nebula,7
Guardians of the Galaxy,118340,Djimon Hounsou,Korath,8
Guardians of the Galaxy,118340,John C. Reilly,Corpsman Dey,9
Avengers: Age of Ultron,99861,Robert Downey Jr.,Tony Stark / Iron Man,0
Avengers: Age of Ultron,99861,Chris Hemsworth,Thor,1
Avengers: Age of Ultron,99861,Mark Ruffalo,Bruce Banner / Hulk,2
Avengers: Age of Ultron,99861,Chris Evans,Steve Rogers / Captain America,3
Avengers: Age of Ultron,99861,Scarlett Johansson,Natasha Romanoff / Black Widow,4
Avengers: Age of Ultron,99861,Jeremy Renner,Clint Barton / Hawkeye,5
Avengers: Age of Ultron,99861,James Spader,Ultron (voice),6
Avengers: Age of Ultron,99861,Samuel L. Jackson,Nick Fury,7
Avengers: Age of Ultron,99861,Don Cheadle,James Rhodes / War Machine,8
Avengers: Age of Ultron,99861,Aaron Taylor-Johnson,Pietro Maximoff / Quicksilver,9
Ant-Man,102899,Paul Rudd,Scott Lang / Ant-Man,0
Ant-Man,102899,Michael Douglas,Dr. Hank Pym,1
Ant-Man,102899,Evangeline Lilly,Hope van Dyne,2
Ant-Man,102899,Corey Stoll,Darren Cross / Yellowjacket,3
Ant-Man,102899,Bobby Cannavale,Paxton,4
Ant-Man,102899,Anthony Mackie,Sam Wilson / Falcon,5
Ant-Man,102899,Judy Greer,Maggie Lang,6
Ant-Man,102899,Abby Ryder Fortson,Cassie Lang,7
Ant-Man,102899,Michael Peña,Luis,8
Ant-Man,102899,David Dastmalchian,Kurt,9
Captain America: Civil War,271110,Chris Evans,Steve Rogers / Captain America,0
Captain America: Civil War,271110,Robert Downey Jr.,Tony Stark / Iron Man,1
Captain America: Civil War,271110,Scarlett Johansson,Natasha Romanoff / Black Widow,2
Captain America: Civil War,271110,Sebastian Stan,Bucky Barnes / Winter Soldier,3
Captain America: Civil War,271110,Anthony Mackie,Sam Wilson / Falcon,4
Captain America: Civil War,271110,Don Cheadle,Lieutenant James Rhodes / War Machine,5
Captain America: Civil War,271110,Jeremy Renner,Clint Barton / Hawkeye,6
Captain America: Civil War,271110,Chadwick Boseman,T'Challa / Black Panther,7
Captain America: Civil War,271110,Paul Bettany,Vision,8
Captain America: Civil War,271110,Elizabeth Olsen,Wanda Maximoff / Scarlet Witch,9
Doctor Strange,284052,Benedict Cumberbatch,Dr. Stephen Strange,0
Doctor Strange,284052,Chiwetel Ejiofor,Mordo,1
Doctor Strange,284052,Rachel McAdams,Dr. Christine Palmer,2
Doctor Strange,284052,Benedict Wong,Wong,3
Doctor Strange,284052,Mads Mikkelsen,Kaecilius,4
Doctor Strange,284052,Tilda Swinton,The Ancient One,5
Doctor Strange,284052,Michael Stuhlbarg,Dr. Nicodemus West,6
Doctor Strange,284052,Benjamin Bratt,Jonathan Pangborn,7
Doctor Strange,284052,Scott Adkins,Lucian / Strong Zealot,8
Doctor Strange,284052,Zara Phythian,Brunette Zealot,9
Guardians of the Galaxy Vol. 2,283995,Chris Pratt,Peter Quill / Star-Lord,0
Guardians of the Galaxy Vol. 2,283995,Zoe Saldaña,Gamora,1
Guardians of the Galaxy Vol. 2,283995,Dave Bautista,Drax,2
Guardians of the Galaxy Vol. 2,283995,Vin Diesel,Baby Groot (voice),3
Guardians of the Galaxy Vol. 2,283995,Bradley Cooper,Rocket (voice),4
Guardians of the Galaxy Vol. 2,283995,Kurt Russell,Ego,5
Guardians of the Galaxy Vol. 2,283995,Michael Rooker,Yondu,6
Guardians of the Galaxy Vol. 2,283995,Karen Gillan,Nebula,7
Guardians of the Galaxy Vol. 2,283995,Pom Klementieff,Mantis,8
Guardians of the Galaxy Vol. 2,283995,Sylvester Stallone,Stakar Ogord,9
Spider-Man: Homecoming,315635,Tom Holland,Peter Parker / Spider-Man,0
Spider-Man: Homecoming,315635,Michael Keaton,Adrian Toomes / Vulture,1
Spider-Man: Homecoming,315635,Robert Downey Jr.,Tony Stark / Iron Man,2
Spider-Man: Homecoming,315635,Marisa Tomei,May Parker,3
Spider-Man: Homecoming,315635,Jon Favreau,Happy Hogan,4
Spider-Man: Homecoming,315635,Gwyneth Paltrow,Pepper Potts,5
Spider-Man: Homecoming,315635,Zendaya,Michelle,6
Spider-Man: Homecoming,315635,Donald Glover,Aaron Davis,7
Spider-Man: Homecoming,315635,Jacob Batalon,Ned,8
Spider-Man: Homecoming,315635,Laura Harrier,Liz,9
Thor: Ragnarok,284053,Chris Hemsworth,Thor,0
Thor: Ragnarok,284053,Mark Ruffalo,Bruce Banner / Hulk,1
Thor: Ragnarok,284053,Tom Hiddleston,Loki,2
Thor: Ragnarok,284053,Cate Blanchett,Hela,3
Thor: Ragnarok,284053,Idris Elba,Heimdall,4
Thor: Ragnarok,284053,Jeff Goldblum,Grandmaster,5
Thor: Ragnarok,284053,Tessa Thompson,Valkyrie,6
Thor: Ragnarok,284053,Karl Urban,Skurge,7
Thor: Ragnarok,284053,Anthony Hopkins,Odin,8
Thor: Ragnarok,284053,Benedict Cumberbatch,Doctor Strange,9
Black Panther,284054,Chadwick Boseman,T'Challa / Black Panther,0
Black Panther,284054,Michael B. Jordan,Erik Killmonger,1
Black Panther,284054,Lupita Nyong'o,Nakia,2
Black Panther,284054,Danai Gurira,Okoye,3
Black Panther,284054,Martin Freeman,Everett K. Ross,4
Black Panther,284054,Daniel Kaluuya,W'Kabi,5
Black Panther,284054,Letitia Wright,Shuri,6
Black Panther,284054,Winston Duke,M'Baku,7
Black Panther,284054,Sterling K. Brown,N'Jobu,8
Black Panther,284054,Angela Bassett,Ramonda,9
Avengers: Infinity War,299536,Robert Downey Jr.,Tony Stark / Iron Man,0
Avengers: Infinity War,299536,Chris Evans,Steve Rogers / Captain America,1
Avengers: Infinity War,299536,Chris Hemsworth,Thor,2
Avengers: Infinity War,299536,Josh Brolin,Thanos,3
Avengers: Infinity War,299536,Mark Ruffalo,Bruce Banner / Hulk,4
Avengers: Infinity War,299536,Scarlett Johansson,Natasha Romanoff / Black Widow,5
Avengers: Infinity War,299536,Don Cheadle,James Rhodes / War Machine,6
Avengers: Infinity War,299536,Benedict Cumberbatch,Doctor Strange,7
Avengers: Infinity War,299536,Tom Holland,Peter Parker / Spider-Man,8
Avengers: Infinity War,299536,Chadwick Boseman,T'Challa / Black Panther,9
Ant-Man and the Wasp,363088,Paul Rudd,Scott Lang / Ant-Man,0
Ant-Man and the Wasp,363088,Evangeline Lilly,Hope Van Dyne / Wasp,1
Ant-Man and the Wasp,363088,Michael Douglas,Dr. Hank Pym,2
Ant-Man and the Wasp,363088,Hannah John-Kamen,Ava / Ghost,3
Ant-Man and the Wasp,363088,Randall Park,Jimmy Woo,4
Ant-Man and the Wasp,363088,Michelle Pfeiffer,Janet Van Dyne / Wasp,5
Ant-Man and the Wasp,363088,Laurence Fishburne,Dr. Bill Foster,6
Ant-Man and the Wasp,363088,Michael Peña,Luis,7
Ant-Man and the Wasp,363088,Walton Goggins,Sonny Burch,8
Ant-Man and the Wasp,363088,Bobby Cannavale,Paxton,9
Captain Marvel,299537,Brie Larson,Carol Danvers / Vers / Captain Marvel,0
Captain Marvel,299537,Samuel L. Jackson,Nick Fury,1
Captain Marvel,299537,Ben Mendelsohn,Talos / Keller,2
Captain Marvel,299537,Jude Law,Yon-Rogg,3
Captain Marvel,299537,Annette Bening,Supreme Intelligence / Dr. Wendy Lawson,4
Captain Marvel,299537,Djimon Hounsou,Korath,5
Captain Marvel,299537,Lee Pace,Ronan,6
Captain Marvel,299537,Lashana Lynch,Maria Rambeau,7
Captain Marvel,299537,Gemma Chan,Minn-Erva,8
Captain Marvel,299537,Clark Gregg,Agent Coulson,9
Avengers: Endgame,299534,Robert Downey Jr.,Tony Stark / Iron Man,0
Avengers: Endgame,299534,Chris Evans,Steve Rogers / Captain America,1
Avengers: Endgame,299534,Mark Ruffalo,Bruce Banner / Hulk,2
Avengers: Endgame,299534,Chris Hemsworth,Thor,3
Avengers: Endgame,299534,Scarlett Johansson,Natasha Romanoff / Black Widow,4
Avengers: Endgame,299534,Jeremy Renner,Clint Barton / Hawkeye,5
Avengers: Endgame,299534,Josh Brolin,Thanos,6
Avengers: Endgame,299534,Don Cheadle,James Rhodes / War Machine,7
Avengers: Endgame,299534,Paul Rudd,Scott Lang / Ant-Man,8
Avengers: Endgame,299534,Benedict Cumberbatch,Doctor Strange,9
Spider-Man: Far From Home,429617,Tom Holland,Peter Parker / Spider-Man,0
Spider-Man: Far From Home,429617,Jake Gyllenhaal,Quentin Beck / Mysterio,1
Spider-Man: Far From Home,429617,Samuel L. Jackson,Nick Fury,2
Spider-Man: Far From Home,429617,Marisa Tomei,May Parker,3
Spider-Man: Far From Home,429617,Jon Favreau,Happy Hogan,4
Spider-Man: Far From Home,429617,Zendaya,MJ,5
Spider-Man: Far From Home,429617,Jacob Batalon,Ned Leeds,6
Spider-Man: Far From Home,429617,Tony Revolori,Flash Thompson,7
Spider-Man: Far From Home,429617,Angourie Rice,Betty Brant,8
Spider-Man: Far From Home,429617,Remy Hii,Brad Davis,9
Black Widow,497698,Scarlett Johansson,Natasha Romanoff / Black Widow,0
Black Widow,497698,Florence Pugh,Yelena Belova,1
Black Widow,497698,Rachel Weisz,Melina,2
Black Widow,497698,David Harbour,Alexei,3
Black Widow,497698,Ray Winstone,Dreykov,4
Black Widow,497698,Ever Anderson,Young Natasha,5
Black Widow,497698,Violet McGraw,Young Yelena,6
Black Widow,497698,O-T Fagbenle,Mason,7
Black Widow,497698,William Hurt,Secretary Ross,8
Black Widow,497698,Olga Kurylenko,Antonia / Taskmaster,9
Shang-Chi and the Legend of the Ten Rings,566525,Simu Liu,Shaun / Shang-Chi,0
Shang-Chi and the Legend of the Ten Rings,566525,Tony Leung Chiu-wai,Xu Wenwu,1
Shang-Chi and the Legend of the Ten Rings,566525,Awkwafina,Katy,2
Shang-Chi and the Legend of the Ten Rings,566525,Ben Kingsley,Trevor Slattery,3
Shang-Chi and the Legend of the Ten Rings,566525,Zhang Meng'er,Xialing,4
Shang-Chi and the Legend of the Ten Rings,566525,Fala Chen,Li,5
Shang-Chi and the Legend of the Ten Rings,566525,Michelle Yeoh,Ying Nan,6
Shang-Chi and the Legend of the Ten Rings,566525,Yuen Wah,Master Guang Bo,7
Shang-Chi and the Legend of the Ten Rings,566525,Florian Munteanu,Razor Fist,8
Shang-Chi and the Legend of the Ten Rings,566525,Andy Le,Death Dealer,9
Eternals,524434,Gemma Chan,Sersi,0
Eternals,524434,Richard Madden,Ikaris,1
Eternals,524434,Angelina Jolie,Thena,2
Eternals,524434,Salma Hayek Pinault,Ajak,3
Eternals,524434,Kumail Nanjiani,Kingo,4
Eternals,524434,Lia McHugh,Sprite,5
Eternals,524434,Brian Tyree Henry,Phastos,6
Eternals,524434,Lauren Ridloff,Makkari,7
Eternals,524434,Barry Keoghan,Druig,8
Eternals,524434,Don Lee,Gilgamesh,9
Spider-Man: No Way Home,634649,Tom Holland,Peter Parker / Spider-Man,0
Spider-Man: No Way Home,634649,Zendaya,MJ,1
Spider-Man: No Way Home,634649,Benedict Cumberbatch,Doctor Strange,2
Spider-Man: No Way Home,634649,Jacob Batalon,Ned Leeds,3
Spider-Man: No Way Home,634649,Jon Favreau,Happy Hogan,4
Spider-Man: No Way Home,634649,Jamie Foxx,Max Dillon / Electro,5
Spider-Man: No Way Home,634649,Willem Dafoe,Norman Osborn / Green Goblin,6
Spider-Man: No Way Home,634649,Alfred Molina,Dr. Otto Octavius / Doc Ock,7
Spider-Man: No Way Home,634649,Benedict Wong,Wong,8
Spider-Man: No Way Home,634649,Tony Revolori,Flash Thompson,9
Doctor Strange in the Multiverse of Madness,453395,Benedict Cumberbatch,Doctor Stephen Strange,0
Doctor Strange in the Multiverse of Madness,453395,Xochitl Gomez,America Chavez,1
Doctor Strange in the Multiverse of Madness,453395,Elizabeth Olsen,Wanda Maximoff / The Scarlet Witch,2
Doctor Strange in the Multiverse of Madness,453395,Chiwetel Ejiofor,Baron Mordo,3
Doctor Strange in the Multiverse of Madness,453395,Benedict Wong,Wong,4
Doctor Strange in the Multiverse of Madness,453395,Rachel McAdams,Dr. Christine Palmer,5
Doctor Strange in the Multiverse of Madness,453395,Jett Klyne,Tommy Maximoff,6
Doctor Strange in the Multiverse of Madness,453395,Julian Hilliard,Billy Maximoff,7
Doctor Strange in the Multiverse of Madness,453395,Michael Stuhlbarg,Dr. Nic West,8
Doctor Strange in the Multiverse of Madness,453395,Hayley Atwell,Captain Carter,9
Thor: Love and Thunder,616037,Chris Hemsworth,Thor,0
Thor: Love and Thunder,616037,Natalie Portman,Jane Foster / The Mighty Thor,1
Thor: Love and Thunder,616037,Christian Bale,Gorr,2
Thor: Love and Thunder,616037,Tessa Thompson,King Valkyrie,3
Thor: Love and Thunder,616037,Taika Waititi,Korg / Old Kronan God (voice),4
Thor: Love and Thunder,616037,Russell Crowe,Zeus,5
Thor: Love and Thunder,616037,Jaimie Alexander,Sif,6
Thor: Love and Thunder,616037,Idris Elba,Heimdall,7
Thor: Love and Thunder,616037,Chris Pratt,Peter Quill / Star-Lord,8
Thor: Love and Thunder,616037,Dave Bautista,Drax,9
Black Panther: Wakanda Forever,505642,Letitia Wright,Shuri,0
Black Panther: Wakanda Forever,505642,Tenoch Huerta Mejía,Namor,1
Black Panther: Wakanda Forever,505642,Lupita Nyong'o,Nakia,2
Black Panther: Wakanda Forever,505642,Danai Gurira,Okoye,3
Black Panther: Wakanda Forever,505642,Winston Duke,M'Baku,4
Black Panther: Wakanda Forever,505642,Angela Bassett,Ramonda,5
Black Panther: Wakanda Forever,505642,Martin Freeman,Everett Ross,6
Black Panther: Wakanda Forever,505642,Julia Louis-Dreyfus,Valentina Allegra de Fontaine,7
Black Panther: Wakanda Forever,505642,Dominique Thorne,Riri,8
Black Panther: Wakanda Forever,505642,Florence Kasumba,Ayo,9
Ant-Man and the Wasp: Quantumania,640146,Paul Rudd,Scott Lang / Ant-Man,0
Ant-Man and the Wasp: Quantumania,640146,Evangeline Lilly,Hope Van Dyne / The Wasp,1
Ant-Man and the Wasp: Quantumania,640146,Michael Douglas,Dr. Hank Pym,2
Ant-Man and the Wasp: Quantumania,640146,Michelle Pfeiffer,Janet Van Dyne,3
Ant-Man and the Wasp: Quantumania,640146,Jonathan Majors,Kang the Conqueror,4
Ant-Man and the Wasp: Quantumania,640146,Kathryn Newton,Cassie Lang,5
Ant-Man and the Wasp: Quantumania,640146,Corey Stoll,M.O.D.O.K.,6
Ant-Man and the Wasp: Quantumania,640146,Bill Murray,Lord Krylar,7
Ant-Man and the Wasp: Quantumania,640146,Katy O'Brian,Jentorra,8
Ant-Man and the Wasp: Quantumania,640146,William Jackson Harper,Quaz,9
Guardians of the Galaxy Vol. 3,447365,Chris Pratt,Peter Quill / Star-Lord,0
Guardians of the Galaxy Vol. 3,447365,Zoe Saldaña,Gamora,1
Guardians of the Galaxy Vol. 3,447365,Dave Bautista,Drax,2
Guardians of the Galaxy Vol. 3,447365,Karen Gillan,Nebula,3
Guardians of the Galaxy Vol. 3,447365,Pom Klementieff,Mantis,4
Guardians of the Galaxy Vol. 3,447365,Vin Diesel,Groot (voice),5
Guardians of the Galaxy Vol. 3,447365,Bradley Cooper,Rocket (voice),6
Guardians of the Galaxy Vol. 3,447365,Sean Gunn,Kraglin / Young Rocket (voice),7
Guardians of the Galaxy Vol. 3,447365,Chukwudi Iwuji,The High Evolutionary,8
Guardians of the Galaxy Vol. 3,447365,Will Poulter,Adam Warlock,9
The Marvels,609681,Brie Larson,Carol Danvers / Captain Marvel,0
The Marvels,609681,Teyonah Parris,Monica Rambeau,1
The Marvels,609681,Iman Vellani,Kamala Khan / Ms. Marvel,2
The Marvels,609681,Samuel L. Jackson,Nick Fury,3
The Marvels,609681,Zawe Ashton,Dar-Benn,4
The Marvels,609681,Gary Lewis,Emperor Dro'ge,5
The Marvels,609681,Park Seo-jun,Prince Yan,6
The Marvels,609681,Zenobia Shroff,Muneeba Khan,7
The Marvels,609681,Mohan Kapur,Yusuf Khan,8
The Marvels,609681,Saagar Shaikh,Aamir Khan,9
Deadpool & Wolverine,533535,Ryan Reynolds,Wade Wilson / Deadpool / Nicepool,0
Deadpool & Wolverine,533535,Hugh Jackman,Logan / Wolverine,1
Deadpool & Wolverine,533535,Emma Corrin,Cassandra Nova,2
Deadpool & Wolverine,533535,Matthew Macfadyen,Mr. Paradox,3
Deadpool & Wolverine,533535,Dafne Keen,Laura / X-23,4
Deadpool & Wolverine,533535,Jon Favreau,Happy Hogan,5
Deadpool & Wolverine,533535,Morena Baccarin,Vanessa,6
Deadpool & Wolverine,533535,Rob Delaney,Peter,7
Deadpool & Wolverine,533535,Leslie Uggams,Blind Al,8
Deadpool & Wolverine,533535,Jennifer Garner,Elektra,9
Captain America: Brave New World,822119,Anthony Mackie,Sam Wilson / Captain America,0
Captain America: Brave New World,822119,Harrison Ford,President Thaddeus Ross,1
Captain America: Brave New World,822119,Danny Ramirez,Joaquin Torres,2
Captain America: Brave New World,822119,Shira Haas,Ruth Bat-Seraph,3
Captain America: Brave New World,822119,Tim Blake Nelson,Samuel Sterns,4
Captain America: Brave New World,822119,Carl Lumbly,Isaiah Bradley,5
Captain America: Brave New World,822119,Giancarlo Esposito,Sidewinder,6
Captain America: Brave New World,822119,Liv Tyler,Betty Ross,7
Captain America: Brave New World,822119,Xosha Roquemore,Leila Taylor,8
Captain America: Brave New World,822119,Jóhannes Haukur Jóhannesson,Copperhead,9
Thunderbolts*,986056,Florence Pugh,Yelena Belova,0
Thunderbolts*,986056,Sebastian Stan,Bucky Barnes,1
Thunderbolts*,986056,Julia Louis-Dreyfus,Valentina Allegra de Fontaine,2
Thunderbolts*,986056,Lewis Pullman,Robert Reynolds,3
Thunderbolts*,986056,David Harbour,Alexei Shostakov,4
Thunderbolts*,986056,Wyatt Russell,John Walker,5
Thunderbolts*,986056,Hannah John-Kamen,Ava Starr,6
Thunderbolts*,986056,Olga Kurylenko,Antonia Dreykov,7
Thunderbolts*,986056,Geraldine Viswanathan,Mel,8
Thunderbolts*,986056,Wendell Pierce,Congressman Gary,9
